,acousticness,danceability,energy,instrumentalness,loudness,speechiness,tempo,genre
0,0.85,0.0964,0.797,8.38e-06,-7.429,0.136,99.615,Jazz
1,0.773,0.0352,0.581,0.0,-8.466,0.432,94.093,Jazz
2,0.824,0.0362,0.733,0.0,-5.474,0.0613,97.972,Classical
3,0.562,0.0168,0.83,0.0,-7.296,0.45,178.686,Hip-Hop
4,0.739,0.24,0.75,0.0,-5.056,0.339,93.331,Hip-Hop
5,0.82,0.443,0.809,0.00175,-6.759,0.251,83.011,Jazz
6,0.862,0.0455,0.648,0.0,-7.401,0.251,98.012,Jazz
7,0.816,0.16,0.775,0.00031,-3.323,0.234,93.431,Jazz
8,0.479,0.57,0.549,0.0235,-10.551,0.373,180.985,Hip-Hop
9,0.51,0.0738,0.931,0.0,-3.302,0.347,201.936,Hip-Hop
10,0.906,0.00864,0.623,4.19e-06,-6.711,0.303,99.498,Jazz
11,0.782,0.148,0.589,0.0,-4.827,0.189,90.438,Jazz
12,0.763,0.0146,0.786,0.0114,-6.472,0.229,93.857,Jazz
13,0.754,0.0287,0.785,0.00144,-8.178,0.18,94.123,Jazz
14,0.814,0.097,0.481,3.83e-05,-5.183,0.245,96.252,Jazz
15,0.795,0.112,0.6,0.000171,-14.004,0.341,101.78,Jazz
16,0.612,0.0137,0.659,0.0,-6.995,0.406,99.137,Hip-Hop
17,0.761,0.0135,0.899,0.0,-3.09,0.183,95.027,Jazz
18,0.922,0.0281,0.909,0.0,-2.429,0.27,95.295,Jazz
19,0.901,0.145,0.697,0.0,-3.439,0.28,93.941,Jazz
20,0.934,0.0516,0.459,0.0,-7.654,0.189,103.04,Jazz
21,0.848,0.173,0.666,0.000699,-6.547,0.274,96.662,Jazz
22,0.897,0.0291,0.611,0.186,-10.489,0.211,102.304,Jazz
23,0.879,0.0474,0.564,9.43e-06,-7.682,0.247,93.908,Jazz
24,0.798,0.33,0.744,0.000106,-5.328,0.136,82.356,Jazz
25,0.792,0.18,0.744,0.0,-7.18,0.241,120.985,Jazz
26,0.849,0.304,0.521,1.65e-06,-12.999,0.216,95.265,Jazz
27,0.549,0.0285,0.853,0.000296,-4.293,0.188,94.695,Jazz
28,0.889,0.47,0.818,0.0,-4.639,0.253,96.063,Jazz
29,0.813,0.125,0.703,1.26e-06,-5.077,0.268,94.828,Jazz
30,0.924,0.0827,0.74,0.0,-1.299,0.0774,133.974,Classical
31,0.845,0.0128,0.884,2.1e-06,-4.506,0.0759,104.536,Rock
32,0.801,0.00253,0.908,0.000655,-6.554,0.221,87.279,Jazz
33,0.681,0.137,0.505,0.0,-11.709,0.138,89.953,Jazz
34,0.665,0.0394,0.91,0.0,-4.682,0.223,84.099,Jazz
35,0.794,0.124,0.95,7.71e-05,-8.78,0.294,94.984,Jazz
36,0.759,0.0903,0.756,2.36e-06,-8.145,0.266,87.059,Jazz
37,0.52,0.272,0.847,0.0,-5.3,0.427,177.371,Hip-Hop
38,0.692,0.000136,0.833,1.98e-05,-3.974,0.0492,96.814,Rock
39,0.817,0.0318,0.552,7.01e-06,-10.8,0.385,102.011,Jazz
40,0.607,0.209,0.422,0.0,-13.364,0.499,130.47,Hip-Hop
41,0.826,0.199,0.566,0.0,-10.747,0.311,99.131,Jazz
42,0.873,0.03,0.719,0.0,-5.948,0.248,93.281,Jazz
43,0.854,0.0113,0.71,8.72e-05,-6.32,0.0793,106.894,Classical
44,0.934,0.031,0.735,8.6e-06,-6.668,0.251,101.368,Jazz
45,0.711,0.0175,0.62,0.0,-10.174,0.212,179.817,Jazz
46,0.614,0.00776,0.543,3.28e-05,-7.178,0.374,178.422,Jazz
47,0.855,0.0101,0.798,0.000615,-4.018,0.237,90.429,Jazz
48,0.753,0.0285,0.749,0.0,-6.132,0.316,93.79,Jazz
49,0.886,0.207,0.512,0.0,-11.825,0.237,93.997,Jazz
50,0.647,0.0655,0.514,0.0,-10.05,0.0593,79.974,Classical
51,0.724,0.0164,0.853,0.0,-3.895,0.283,170.51,Jazz
52,0.591,0.00832,0.855,5.87e-05,-8.339,0.339,136.734,Jazz
53,0.737,0.00556,0.89,0.00171,-8.443,0.158,105.848,Jazz
54,0.622,0.141,0.913,2.71e-05,-3.701,0.462,92.222,Hip-Hop
55,0.846,0.156,0.416,9.34e-06,-13.767,0.118,96.188,Classical
56,0.889,0.0854,0.466,7.37e-06,-10.74,0.36,100.17,Jazz
57,0.831,0.256,0.682,0.0,-5.697,0.238,91.771,Jazz
58,0.836,0.00569,0.728,0.000819,-12.058,0.234,100.842,Jazz
59,0.755,0.115,0.459,0.0,-12.84,0.358,98.454,Jazz
60,0.859,0.0193,0.75,0.0,-8.325,0.303,98.691,Jazz
61,0.785,0.0417,0.479,3.5e-05,-10.247,0.362,87.691,Jazz
62,0.777,0.179,0.957,0.0,-3.201,0.319,105.756,Jazz
63,0.671,0.0338,0.737,0.00344,-5.131,0.108,90.519,Rock
64,0.843,0.127,0.7,0.0,-3.249,0.26,95.05,Jazz
65,0.842,0.127,0.831,0.0,-7.072,0.242,92.053,Jazz
66,0.709,0.0114,0.874,0.0,-4.522,0.193,88.546,Jazz
67,0.803,0.0012,0.784,0.000161,-5.97,0.198,90.185,Jazz
68,0.794,0.0289,0.88,2.52e-05,-9.77,0.162,115.666,Jazz
69,0.783,0.0969,0.633,0.000994,-6.983,0.291,100.428,Jazz
70,0.772,0.223,0.821,0.0,-0.14,0.25,91.921,Jazz
71,0.894,0.0279,0.698,3.56e-06,-8.264,0.275,98.104,Jazz
72,0.88,0.0564,0.577,1.02e-06,-8.093,0.302,90.991,Jazz
73,0.586,0.354,0.795,0.0,-8.71,0.258,94.101,Hip-Hop
74,0.913,0.0096,0.6,0.0,-8.446,0.202,103.268,Jazz
75,0.801,0.00575,0.699,0.0,-8.18,0.279,94.605,Jazz
76,0.677,0.0455,0.539,1.84e-06,-14.439,0.063,95.116,Classical
77,0.898,0.0711,0.92,5.92e-05,-7.859,0.0636,114.343,Rock
78,0.939,0.0915,0.675,0.0,-7.232,0.211,96.918,Jazz
79,0.875,0.0227,0.745,2.37e-06,-5.878,0.269,95.201,Jazz
80,0.791,0.0314,0.759,0.674,-7.378,0.129,102.382,Jazz
81,0.707,0.017,0.525,0.000162,-7.356,0.302,200.753,Jazz
82,0.802,0.14,0.785,0.0,-4.781,0.207,99.998,Jazz
83,0.876,0.16,0.647,0.0,-3.917,0.28,86.993,Jazz
84,0.835,0.38,0.456,0.00359,-10.195,0.266,101.889,Jazz
85,0.78,0.43,0.575,0.0,-7.247,0.273,84.492,Jazz
86,0.764,0.0398,0.705,0.0005,-7.39,0.279,88.357,Jazz
87,0.958,0.00385,0.334,1.07e-06,-8.172,0.345,105.93,Jazz
88,0.711,0.0273,0.717,0.0,-8.4,0.343,100.106,Jazz
89,0.496,0.0266,0.589,0.0,-5.962,0.447,71.63,Hip-Hop
90,0.543,0.000985,0.7,0.0,-6.979,0.345,80.636,Jazz
91,0.698,0.159,0.818,0.0,-8.07,0.398,99.236,Hip-Hop
92,0.697,0.0844,0.793,0.0,-4.699,0.323,89.767,Jazz
93,0.617,0.00331,0.462,0.0,-5.311,0.49,80.845,Hip-Hop
94,0.594,0.0906,0.831,0.0,-2.966,0.41,78.35,Hip-Hop
95,0.782,0.138,0.789,0.00401,-4.077,0.478,94.811,Hip-Hop
96,0.88,0.0657,0.502,0.0,-8.196,0.683,91.103,Hip-Hop
97,0.81,0.071,0.692,0.0,-5.136,0.393,51.451,Jazz
98,0.55,0.0536,0.88,1.27e-06,-4.845,0.339,124.274,Hip-Hop
99,0.937,0.22,0.611,3.78e-06,-4.631,0.204,100.957,Jazz
100,0.639,0.982,0.269,0.12,-11.435,0.0698,124.866,Jazz
101,0.488,0.963,0.124,0.333,-13.038,0.0404,66.105,Jazz
102,0.511,0.809,0.193,2.17e-05,-15.148,0.0439,116.348,Jazz
103,0.605,0.253,0.376,0.207,-14.978,0.0322,131.927,Classical
104,0.417,0.971,0.0644,0.000134,-19.687,0.0359,113.713,Jazz
105,0.45,0.938,0.154,4.37e-06,-14.485,0.0373,110.666,Jazz
106,0.461,0.988,0.0546,0.208,-18.982,0.0362,128.91,Jazz
107,0.262,0.613,0.356,0.0,-8.031,0.0303,174.176,Rock
108,0.395,0.935,0.121,0.397,-23.427,0.0327,114.521,Jazz
109,0.634,0.709,0.327,0.0131,-9.703,0.0551,80.825,Jazz
110,0.626,0.934,0.152,6.05e-05,-14.182,0.0405,82.174,Jazz
111,0.45,0.796,0.285,0.0,-10.087,0.0414,117.494,Jazz
112,0.573,0.713,0.247,5.64e-05,-19.282,0.0627,138.234,Jazz
113,0.224,0.976,0.214,0.00094,-14.455,0.0348,83.906,Jazz
114,0.389,0.92,0.145,0.876,-22.965,0.0301,99.541,Jazz
115,0.543,0.805,0.133,0.00135,-16.846,0.1,171.493,Jazz
116,0.558,0.805,0.231,0.0,-11.436,0.0812,73.103,Jazz
117,0.749,0.655,0.152,0.000254,-16.745,0.0493,101.779,Jazz
118,0.541,0.727,0.607,0.442,-8.435,0.0438,104.96,Jazz
119,0.573,0.84,0.275,0.0,-10.684,0.0534,140.9,Jazz
120,0.496,0.927,0.127,7.07e-05,-14.211,0.0382,74.746,Jazz
121,0.593,0.986,0.103,0.6,-14.961,0.081,66.283,Jazz
122,0.703,0.815,0.187,0.000492,-16.273,0.0676,126.164,Jazz
123,0.435,0.768,0.499,0.107,-8.576,0.0317,121.924,Rock
124,0.425,0.955,0.0469,0.0,-18.612,0.0354,135.335,Jazz
125,0.419,0.987,0.0284,0.586,-24.09,0.0357,71.502,Jazz
126,0.781,0.947,0.106,0.0835,-17.396,0.0584,113.528,Jazz
127,0.319,0.987,0.157,0.849,-19.728,0.0368,191.259,Jazz
128,0.71,0.867,0.318,0.00038,-8.948,0.0432,126.05,Jazz
129,0.716,0.879,0.133,0.0,-15.846,0.0421,62.14,Jazz
130,0.413,0.977,0.0552,0.00091,-18.538,0.0346,107.842,Jazz
131,0.564,0.958,0.097,0.0588,-16.442,0.038,132.653,Jazz
132,0.303,0.974,0.175,1.32e-06,-14.203,0.0378,168.743,Jazz
133,0.608,0.86,0.387,0.662,-20.157,0.0411,91.489,Jazz
134,0.147,0.965,0.215,0.000928,-14.594,0.0346,171.46,Jazz
135,0.27,0.973,0.688,0.884,-16.305,0.0547,75.845,Jazz
136,0.503,0.673,0.344,0.381,-19.024,0.0369,108.489,Jazz
137,0.652,0.99,0.171,0.864,-16.1,0.0569,118.883,Jazz
138,0.561,0.873,0.346,0.399,-12.596,0.0409,93.689,Jazz
139,0.497,0.978,0.153,0.809,-12.65,0.0407,100.222,Jazz
140,0.476,0.89,0.273,0.9,-17.457,0.0334,117.779,Jazz
141,0.499,0.716,0.434,0.0,-11.48,0.0735,119.134,Jazz
142,0.462,0.984,0.15,0.000902,-13.531,0.0522,98.66,Jazz
143,0.476,0.955,0.0794,0.872,-19.166,0.0365,103.181,Jazz
144,0.589,0.75,0.386,0.0,-8.013,0.0441,142.371,Rock
145,0.444,0.66,0.339,0.103,-16.936,0.0418,142.112,Jazz
146,0.493,0.537,0.295,0.241,-15.536,0.0489,99.579,Jazz
147,0.655,0.573,0.31,0.0,-13.4,0.0866,121.999,Jazz
148,0.437,0.84,0.0857,0.641,-18.129,0.0384,73.161,Jazz
149,0.632,0.766,0.202,0.0,-13.068,0.0587,134.298,Jazz
150,0.442,0.922,0.033,0.000171,-23.063,0.041,103.34,Jazz
151,0.405,0.97,0.0277,0.535,-21.897,0.033,51.059,Jazz
152,0.478,0.993,0.0294,0.948,-25.319,0.0453,124.308,Jazz
153,0.662,0.532,0.331,0.000125,-12.712,0.0581,120.228,Jazz
154,0.465,0.41,0.35,0.279,-12.977,0.0403,93.336,Jazz
155,0.484,0.558,0.635,0.0,-7.109,0.043,99.308,Rock
156,0.492,0.673,0.583,2.38e-06,-9.927,0.19,73.64,Hip-Hop
157,0.356,0.704,0.324,0.0025,-8.699,0.0289,88.861,Rock
158,0.654,0.702,0.334,0.714,-12.662,0.0521,81.544,Jazz
159,0.496,0.779,0.634,0.402,-10.328,0.0364,93.357,Jazz
160,0.443,0.913,0.104,0.0,-17.042,0.101,76.497,Jazz
161,0.641,0.867,0.14,0.00166,-16.79,0.039,129.318,Jazz
162,0.215,0.822,0.247,7.5e-05,-15.11,0.0354,86.391,Jazz
163,0.588,0.978,0.0387,0.823,-17.944,0.06,83.4,Jazz
164,0.542,0.907,0.32,0.649,-9.975,0.0387,116.648,Jazz
165,0.624,0.627,0.383,5.44e-06,-10.561,0.0633,117.526,Jazz
166,0.5,0.769,0.208,0.496,-14.235,0.0743,180.852,Jazz
167,0.516,0.966,0.101,3.89e-05,-12.753,0.0513,137.832,Jazz
168,0.623,0.451,0.403,1.13e-05,-11.121,0.0426,93.911,Jazz
169,0.483,0.939,0.186,0.873,-21.824,0.0409,150.87,Jazz
170,0.529,0.883,0.0582,0.125,-19.131,0.0617,93.486,Jazz
171,0.365,0.921,0.136,0.0,-12.42,0.0436,64.212,Jazz
172,0.659,0.976,0.113,0.88,-16.756,0.0569,95.063,Jazz
173,0.358,0.991,0.452,0.864,-13.02,0.0347,166.973,Jazz
174,0.476,0.769,0.251,0.774,-13.854,0.0278,98.833,Jazz
175,0.564,0.794,0.305,0.0983,-14.224,0.063,115.739,Jazz
176,0.529,0.99,0.0367,0.31,-21.63,0.0515,140.296,Jazz
177,0.203,0.985,0.0186,0.377,-24.277,0.0408,76.591,Jazz
178,0.664,0.388,0.422,0.000107,-11.738,0.0552,89.263,Jazz
179,0.5,0.272,0.284,0.0432,-15.59,0.0404,93.724,Classical
180,0.504,0.972,0.0644,4.36e-06,-14.754,0.0408,106.994,Jazz
181,0.636,0.864,0.181,0.00251,-17.511,0.0456,84.203,Jazz
182,0.578,0.813,0.351,0.0,-12.432,0.101,122.712,Jazz
183,0.438,0.941,0.00756,0.00643,-26.44,0.0382,133.32,Jazz
184,0.455,0.986,0.106,0.0,-14.086,0.0422,66.807,Jazz
185,0.373,0.818,0.302,0.835,-20.358,0.0376,86.925,Jazz
186,0.402,0.128,0.409,0.000568,-13.95,0.0363,130.681,Classical
187,0.531,0.911,0.366,0.88,-11.697,0.0496,81.867,Jazz
188,0.698,0.861,0.0926,0.49,-20.716,0.05,81.187,Jazz
189,0.425,0.951,0.0429,0.0184,-24.86,0.0408,96.097,Jazz
190,0.761,0.944,0.103,0.0,-16.964,0.0416,114.044,Jazz
191,0.203,0.952,0.306,0.000307,-12.366,0.0344,76.905,Jazz
192,0.438,0.973,0.0172,0.557,-23.66,0.0384,100.989,Jazz
193,0.539,0.967,0.0678,0.168,-18.039,0.0468,124.105,Jazz
194,0.477,0.732,0.733,0.0756,-8.301,0.0682,120.42,Rock
195,0.589,0.631,0.184,0.0,-12.282,0.049,98.365,Jazz
196,0.653,0.874,0.0518,1.94e-06,-19.594,0.0359,96.591,Jazz
197,0.418,0.912,0.227,0.822,-15.537,0.0379,103.586,Jazz
198,0.47,0.912,0.144,0.000118,-12.824,0.0365,84.787,Jazz
199,0.279,0.939,0.129,0.000229,-14.595,0.0326,59.991,Jazz
200,0.345,0.976,0.0534,0.892,-24.109,0.03,143.742,Jazz
201,0.145,0.921,0.126,0.784,-14.125,0.0359,66.381,Jazz
202,0.372,0.973,0.0556,0.862,-25.647,0.041,183.835,Jazz
203,0.173,0.973,0.0893,0.942,-26.387,0.0383,74.082,Jazz
204,0.373,0.801,0.0799,0.181,-16.334,0.0329,143.075,Jazz
205,0.405,0.99,0.0683,0.93,-19.082,0.0471,121.822,Jazz
206,0.0896,0.894,0.225,0.902,-15.439,0.0372,73.044,Jazz
207,0.204,0.959,0.0816,0.943,-22.315,0.0442,109.15,Jazz
208,0.245,0.921,0.123,0.893,-21.068,0.041,60.832,Jazz
209,0.131,0.69,0.169,0.711,-18.479,0.0327,79.409,Jazz
210,0.455,0.996,0.0285,0.959,-34.835,0.0794,79.452,Classical
211,0.12,0.98,0.0384,0.768,-23.13,0.0425,92.792,Jazz
212,0.21,0.918,0.0514,0.813,-21.496,0.0455,111.475,Jazz
213,0.234,0.888,0.106,0.00298,-24.16,0.0586,141.982,Jazz
214,0.101,0.769,0.115,0.891,-17.553,0.0392,84.976,Jazz
215,0.194,0.797,0.136,0.144,-23.987,0.0418,77.767,Jazz
216,0.239,0.981,0.134,0.828,-19.858,0.0345,55.53,Jazz
217,0.0812,0.842,0.197,0.956,-17.511,0.0452,81.912,Jazz
218,0.229,0.986,0.0637,0.949,-24.687,0.035,96.28,Jazz
219,0.0958,0.679,0.0981,0.76,-20.357,0.0432,86.385,Jazz
220,0.0954,0.745,0.0781,0.699,-21.151,0.0388,87.94,Jazz
221,0.146,0.848,0.0774,0.456,-25.384,0.0427,102.456,Jazz
222,0.229,0.96,0.227,0.944,-16.967,0.0298,177.313,Jazz
223,0.264,0.981,0.113,0.934,-19.86,0.0407,116.989,Jazz
224,0.181,0.941,0.174,0.775,-16.683,0.0373,97.736,Jazz
225,0.0618,0.981,0.19,0.801,-16.299,0.038,59.032,Jazz
226,0.21,0.85,0.149,0.932,-18.826,0.0363,127.415,Jazz
227,0.247,0.971,0.0352,0.00863,-19.278,0.0455,129.192,Jazz
228,0.276,0.996,0.0127,0.918,-34.464,0.0485,75.004,Classical
229,0.163,0.844,0.137,0.904,-18.245,0.0447,82.91,Jazz
230,0.109,0.967,0.0568,0.607,-24.737,0.0496,175.4,Jazz
231,0.384,0.979,0.213,0.904,-15.808,0.0381,111.392,Jazz
232,0.284,0.821,0.405,0.219,-16.582,0.0654,150.121,Jazz
233,0.13,0.748,0.158,0.924,-16.132,0.035,85.031,Jazz
234,0.376,0.516,0.133,0.664,-19.173,0.0307,96.3,Classical
235,0.145,0.968,0.0401,0.946,-20.864,0.0419,75.074,Jazz
236,0.432,0.766,0.284,0.808,-18.513,0.0384,89.855,Jazz
237,0.287,0.957,0.0341,0.933,-25.228,0.0357,144.288,Jazz
238,0.167,0.949,0.0995,0.00311,-17.395,0.0378,81.377,Jazz
239,0.153,0.97,0.0484,0.111,-26.768,0.0406,59.023,Jazz
240,0.11,0.857,0.198,0.89,-19.806,0.0415,90.64,Jazz
241,0.189,0.977,0.017,0.942,-28.915,0.0342,75.119,Jazz
242,0.12,0.932,0.119,0.752,-18.348,0.043,82.702,Jazz
243,0.115,0.978,0.0597,0.94,-24.522,0.0428,85.33,Jazz
244,0.428,0.99,0.0299,0.918,-25.039,0.0417,99.41,Jazz
245,0.264,0.969,0.112,0.835,-15.968,0.041,80.691,Jazz
246,0.18,0.263,0.276,0.905,-12.433,0.0349,82.515,Jazz
247,0.504,0.995,0.0877,0.933,-20.134,0.0534,132.576,Jazz
248,0.51,0.95,0.0644,0.974,-23.718,0.0383,116.02,Jazz
249,0.167,0.987,0.118,0.946,-24.694,0.0413,128.963,Jazz
250,0.128,0.93,0.153,0.895,-20.475,0.0486,170.956,Jazz
251,0.108,0.924,0.0533,0.717,-28.737,0.041,87.446,Jazz
252,0.076,0.947,0.0476,0.877,-28.166,0.0382,79.679,Jazz
253,0.197,0.986,0.0202,0.898,-27.563,0.0362,80.692,Jazz
254,0.255,0.227,0.0478,0.000566,-29.99,0.0469,78.298,Classical
255,0.194,0.956,0.0224,0.36,-29.814,0.0529,84.808,Jazz
256,0.142,0.947,0.016,0.161,-32.111,0.0436,101.201,Jazz
257,0.363,0.931,0.0479,0.939,-29.101,0.0392,126.688,Jazz
258,0.28,0.931,0.287,0.888,-22.167,0.0367,87.953,Jazz
259,0.204,0.927,0.138,0.936,-17.897,0.0419,112.174,Jazz
260,0.188,0.981,0.0324,0.93,-27.706,0.0397,71.6,Jazz
261,0.0927,0.802,0.224,0.932,-16.665,0.043,168.455,Jazz
262,0.454,0.979,0.143,0.951,-16.309,0.0458,107.196,Jazz
263,0.197,0.953,0.112,0.864,-20.286,0.0576,137.638,Jazz
264,0.217,0.975,0.117,0.911,-21.398,0.0374,46.755,Jazz
265,0.483,0.994,0.0176,0.928,-25.501,0.052,76.384,Jazz
266,0.581,0.959,0.0621,0.29,-21.149,0.0312,88.869,Jazz
267,0.492,0.627,0.387,0.579,-13.949,0.0408,149.478,Jazz
268,0.393,0.992,0.0444,0.87,-23.541,0.0491,82.137,Jazz
269,0.0878,0.941,0.04,0.933,-30.104,0.044,85.225,Jazz
270,0.153,0.96,0.0551,0.788,-23.94,0.0412,149.959,Jazz
271,0.185,0.966,0.0312,0.942,-26.226,0.0382,97.198,Jazz
272,0.18,0.275,0.00911,0.283,-40.841,0.0387,66.929,Classical
273,0.315,0.961,0.032,0.337,-29.387,0.0453,103.758,Jazz
274,0.129,0.906,0.22,0.0104,-16.575,0.0444,80.848,Jazz
275,0.391,0.223,0.444,0.702,-13.66,0.0297,143.299,Classical
276,0.177,0.943,0.0737,0.333,-22.837,0.0648,184.869,Jazz
277,0.151,0.985,0.227,0.981,-16.3,0.049,89.29,Jazz
278,0.184,0.94,0.00984,0.236,-32.951,0.0473,98.178,Classical
279,0.199,0.99,0.132,0.962,-22.293,0.0444,114.158,Jazz
280,0.25,0.958,0.135,0.0349,-18.615,0.0488,94.404,Jazz
281,0.444,0.967,0.0828,0.965,-20.891,0.0447,123.038,Jazz
282,0.243,0.68,0.00254,0.0,-47.882,0.0341,92.904,Classical
283,0.0785,0.991,0.0347,0.981,-27.897,0.0412,174.79,Jazz
284,0.297,0.878,0.301,0.796,-11.754,0.0323,162.21,Jazz
285,0.298,0.988,0.0875,0.943,-22.874,0.0433,78.675,Jazz
286,0.111,0.891,0.0386,0.00485,-27.943,0.054,171.518,Jazz
287,0.429,0.992,0.0293,0.877,-24.895,0.0368,101.049,Jazz
288,0.105,0.981,0.112,0.874,-20.419,0.0377,81.65,Jazz
289,0.174,0.97,0.122,0.895,-16.03,0.0401,117.352,Jazz
290,0.196,0.877,0.226,0.339,-17.265,0.0421,133.427,Jazz
291,0.248,0.965,0.24,0.859,-11.491,0.0397,74.557,Jazz
292,0.423,0.994,0.0269,0.939,-22.353,0.0691,67.382,Jazz
293,0.356,0.298,0.319,0.91,-12.628,0.0295,75.792,Classical
294,0.399,0.627,0.232,0.813,-14.445,0.0348,120.998,Jazz
295,0.152,0.932,0.171,0.868,-16.298,0.0412,77.736,Jazz
296,0.44,0.994,0.0651,0.952,-19.038,0.053,57.151,Jazz
297,0.264,0.897,0.228,0.0499,-13.141,0.0384,125.884,Jazz
298,0.198,0.935,0.147,0.711,-17.109,0.0366,87.609,Jazz
299,0.689,0.933,0.141,0.909,-18.961,0.0319,110.085,Jazz
300,0.615,0.5,0.91,0.511,-4.248,0.0347,111.013,Jazz
301,0.481,0.735,0.262,0.0114,-15.73,0.0414,122.861,Jazz
302,0.502,2.55e-05,0.912,0.000173,-4.556,0.0564,116.761,Rock
303,0.273,0.0169,0.952,0.0111,-8.762,0.0843,100.271,Rock
304,0.933,0.112,0.528,0.329,-6.472,0.162,109.975,Jazz
305,0.574,0.061,0.913,0.00158,-4.793,0.133,115.728,Rock
306,0.535,0.326,0.716,0.0,-5.025,0.0431,94.379,Rock
307,0.412,0.0484,0.902,0.131,-11.6,0.405,89.74,Jazz
308,0.515,0.0097,0.43,0.000133,-9.935,0.0372,91.844,Classical
309,0.427,0.745,0.201,0.263,-13.044,0.0317,105.218,Jazz
310,0.307,0.388,0.433,9.08e-05,-10.057,0.029,160.9,Rock
311,0.534,0.0768,0.887,9.93e-05,-3.777,0.0345,122.494,Rock
312,0.5,0.127,0.748,0.0,-9.072,0.0363,118.852,Rock
313,0.743,0.0039,0.446,0.118,-7.807,0.0683,123.596,Classical
314,0.579,0.00574,0.508,0.000494,-9.484,0.027,147.125,Classical
315,0.545,0.00249,0.64,0.0304,-9.937,0.224,80.544,Jazz
316,0.49,0.000671,0.758,0.484,-6.491,0.0297,112.114,Jazz
317,0.536,0.00145,0.901,0.0186,-7.211,0.0374,87.559,Rock
318,0.489,0.313,0.724,0.185,-8.367,0.0352,117.292,Rock
319,0.473,0.00783,0.898,0.0618,-4.797,0.0561,96.556,Rock
320,0.426,8.44e-05,0.619,0.00239,-11.501,0.0722,162.721,Rock
321,0.721,0.0289,0.488,0.038,-10.294,0.067,152.287,Classical
322,0.559,0.0576,0.345,0.000105,-13.496,0.0459,84.581,Classical
323,0.31,0.011,0.7,0.00965,-5.678,0.047,188.386,Rock
324,0.413,5.99e-05,0.881,0.000308,-5.541,0.0367,158.066,Rock
325,0.723,0.0383,0.863,0.0317,-7.89,0.0338,136.302,Rock
326,0.326,0.214,0.872,0.0,-7.602,0.122,173.381,Rock
327,0.828,0.0644,0.492,0.00428,-9.744,0.0276,120.151,Classical
328,0.693,0.679,0.497,0.0,-7.316,0.119,81.308,Jazz
329,0.579,0.00206,0.824,0.00903,-8.71,0.03,123.331,Rock
330,0.597,0.181,0.605,0.000331,-12.013,0.0255,97.782,Rock
331,0.741,0.0664,0.697,2.28e-05,-7.028,0.0277,116.109,Rock
332,0.438,0.262,0.71,0.537,-12.412,0.0919,145.928,Jazz
333,0.56,0.0408,0.605,0.000162,-11.209,0.0348,144.478,Rock
334,0.813,0.56,0.46,0.0105,-9.78,0.0346,117.387,Jazz
335,0.504,0.00512,0.911,0.0123,-2.97,0.0738,106.244,Rock
336,0.567,0.0995,0.959,6.07e-05,-3.822,0.102,137.377,Rock
337,0.581,0.00197,0.854,0.0013,-8.485,0.0428,131.18,Rock
338,0.437,0.396,0.864,0.0314,-7.842,0.0904,81.394,Rock
339,0.651,0.123,0.801,0.0,-7.34,0.0514,133.769,Rock
340,0.533,0.0302,0.376,0.248,-11.913,0.0393,165.007,Classical
341,0.315,0.000825,0.534,0.108,-7.552,0.031,116.891,Rock
342,0.446,0.0901,0.952,0.0857,-5.321,0.0523,125.303,Rock
343,0.73,0.0632,0.868,0.0661,-7.325,0.0288,148.217,Rock
344,0.372,0.000453,0.865,0.0,-4.918,0.0381,174.53,Rock
345,0.45,0.0118,0.877,4.95e-05,-6.403,0.0532,162.477,Rock
346,0.674,0.00178,0.789,0.00708,-6.903,0.0676,129.802,Rock
347,0.256,0.199,0.641,0.0329,-10.283,0.0552,203.006,Rock
348,0.55,0.448,0.824,0.000127,-5.988,0.0334,114.512,Rock
349,0.591,0.327,0.804,5.98e-06,-7.299,0.0454,111.457,Rock
350,0.168,0.000598,0.974,0.783,-4.862,0.0655,205.278,Jazz
351,0.442,0.00293,0.943,8.71e-06,-3.205,0.0602,85.064,Rock
352,0.572,0.171,0.835,0.000377,-6.219,0.0317,129.981,Rock
353,0.338,0.58,0.34,0.0032,-12.049,0.0339,82.433,Rock
354,0.42,0.0981,0.965,0.000335,-1.986,0.0403,176.243,Rock
355,0.486,0.166,0.449,2.23e-06,-10.298,0.0267,100.456,Rock
356,0.414,0.271,0.404,0.0,-9.928,0.0499,71.105,Rock
357,0.445,0.234,0.706,0.000252,-9.803,0.0461,80.823,Rock
358,0.595,0.195,0.996,0.0345,-3.418,0.0599,152.049,Rock
359,0.54,0.000202,0.429,0.355,-11.822,0.0285,110.171,Classical
360,0.427,0.116,0.459,0.000103,-12.442,0.0332,129.878,Rock
361,0.324,0.0155,0.931,0.0252,-6.803,0.0837,82.748,Rock
362,0.317,0.00091,0.879,0.00142,-7.533,0.0406,169.534,Rock
363,0.359,0.00125,0.981,0.00236,-3.622,0.303,178.98,Jazz
364,0.307,0.0154,0.635,0.00483,-8.957,0.0339,166.973,Rock
365,0.377,0.000894,0.682,0.00217,-8.039,0.0299,108.736,Rock
366,0.513,0.0195,0.979,0.0951,-6.362,0.0425,152.875,Rock
367,0.446,0.551,0.239,4.1e-06,-13.945,0.0316,189.507,Jazz
368,0.438,0.00255,0.805,5.69e-05,-6.237,0.0624,113.253,Rock
369,0.502,0.000147,0.89,0.0117,-5.175,0.0364,133.52,Rock
370,0.598,0.116,0.901,0.0401,-6.081,0.0359,153.24,Rock
371,0.676,0.00101,0.92,8.65e-06,-7.96,0.0435,126.341,Rock
372,0.421,0.2,0.751,0.0,-9.584,0.0472,89.839,Rock
373,0.398,0.000373,0.952,7.75e-05,-6.042,0.061,122.093,Rock
374,0.356,0.0335,0.917,0.0,-6.006,0.0479,171.176,Rock
375,0.686,0.301,0.92,0.27,-6.231,0.0566,135.027,Rock
376,0.673,0.0133,0.814,0.00293,-5.411,0.0367,147.193,Rock
377,0.365,0.0144,0.924,0.000254,-7.066,0.0488,135.811,Rock
378,0.482,0.00321,0.786,8.88e-05,-5.735,0.032,126.755,Rock
379,0.356,0.00101,0.924,0.0,-3.74,0.0808,148.017,Rock
380,0.519,0.0204,0.441,0.000453,-14.178,0.0353,81.334,Classical
381,0.454,0.0866,0.91,0.0996,-7.766,0.0448,125.116,Rock
382,0.656,0.046,0.931,0.0,-5.827,0.0976,144.747,Rock
383,0.624,0.0221,0.899,0.000137,-5.709,0.0296,104.061,Rock
384,0.741,0.117,0.58,3.31e-05,-9.05,0.0304,127.402,Classical
385,0.663,0.524,0.712,0.0,-7.268,0.0479,113.439,Rock
386,0.284,0.00752,0.875,0.000461,-6.069,0.0422,75.009,Rock
387,0.402,0.00484,0.873,7.3e-05,-3.209,0.0586,125.443,Rock
388,0.541,0.0663,0.96,2.25e-06,-2.947,0.0505,122.803,Rock
389,0.294,0.05,0.745,0.125,-9.138,0.0461,134.364,Rock
390,0.404,5.59e-05,0.72,0.836,-9.18,0.0623,121.864,Classical
391,0.505,0.0103,0.836,0.0771,-7.384,0.101,159.669,Rock
392,0.546,0.0629,0.529,0.000567,-13.6,0.0436,151.727,Classical
393,0.631,0.0731,0.689,0.000357,-8.358,0.0284,107.667,Rock
394,0.458,0.442,0.502,5.51e-06,-10.186,0.0294,121.861,Rock
395,0.82,0.0936,0.575,0.000135,-9.144,0.0408,123.765,Classical
396,0.629,0.0424,0.897,0.0,-3.401,0.0483,161.944,Rock
397,0.636,0.0648,0.746,0.29,-3.785,0.0393,132.31,Rock
398,0.588,0.128,0.559,0.0,-4.849,0.0272,123.845,Rock
399,0.404,0.577,0.903,0.297,-3.88,0.0668,115.672,Rock
